"","X1","TF","permutation","weighted_meanDifference","weighted_CD","TFBS","weighted_Tstat","variance","pvalue","Cohend_factor","pvalueAdj","median.cor.tfs","classification_q0.1","classification_q0.05","classification_q0.01","classification_q0.001","classification_distr_rawP","classification_q0.1_final","classification_q0.05_final","classification_q0.01_final","classification_q0.001_final","yValue","pValueAdj_log10","pValue_log10","pValueAdj_sig","pValue_sig","Symbol"
"1",1,"MA0014.3",0,-0.0481,0.0969,9051,NA,NA,0.0769230769230769,1,0.0846848934198332,0.19581490486933,"activator","activator","activator","activator",5.73009150838862e-64,"activator","activator","activator","activator",1.07219405471699,1.07219405471699,1.11394335230684,TRUE,TRUE,"PAX5"
"2",2,"MA0017.2",0,-0.065,0.122,6422,NA,NA,0.0769230769230769,2,0.0846848934198332,0.382928516078472,"activator","activator","activator","activator",3.51657029988272e-299,"activator","activator","activator","activator",1.07219405471699,1.07219405471699,1.11394335230684,TRUE,TRUE,"NR2F1"
"3",3,"MA0018.4",0,-0.139,0.274,4476,NA,NA,0.0769230769230769,2,0.0846848934198332,0.160235202357641,"activator","activator","activator","activator",6.04179324835052e-37,"activator","activator","activator","activator",1.07219405471699,1.07219405471699,1.11394335230684,TRUE,TRUE,"CREB1"
"4",4,"MA0029.1",0,0.0514,0.0958,2764,NA,NA,0.0769230769230769,1,0.0846848934198332,-0.118396039585735,"repressor","repressor","repressor","repressor",2.22509026805076e-17,"repressor","repressor","repressor","repressor",1.07219405471699,1.07219405471699,1.11394335230684,TRUE,TRUE,"MECOM"
"5",5,"MA0041.1",0,0.0838,0.155,1976,NA,NA,0.0769230769230769,2,0.0846848934198332,-0.115287803958916,"repressor","repressor","repressor","repressor",1.68473686349721e-14,"repressor","repressor","repressor","repressor",1.07219405471699,1.07219405471699,1.11394335230684,TRUE,TRUE,"FOXD3"
"6",6,"MA0047.3",0,-0.00605,0.011,4269,NA,NA,0.153846153846154,1,0.164417453891138,-0.114656006981988,"repressor","repressor","repressor","repressor",5.26535380958158e-14,"repressor","repressor","repressor","repressor",0.784052081405111,0.784052081405111,0.812913356642856,TRUE,TRUE,"FOXA2"
"7",7,"MA0052.4",0,0.134,0.247,2095,NA,NA,0.0769230769230769,2,0.0846848934198332,0.110627125190754,"activator","activator","activator","activator",1.47191740358309e-47,"activator","activator","activator","activator",1.07219405471699,1.07219405471699,1.11394335230684,TRUE,TRUE,"MEF2A"
"8",8,"MA0075.3",0,0.0245,0.0541,4804,NA,NA,0.0769230769230769,1,0.0846848934198332,-0.112688800107522,"repressor","repressor","repressor","repressor",2.36641047727056e-23,"repressor","repressor","repressor","repressor",1.07219405471699,1.07219405471699,1.11394335230684,TRUE,TRUE,"PRRX2"
"9",9,"MA0076.2",0,-0.027,0.0973,10662,NA,NA,0.0769230769230769,1,0.0846848934198332,0.151014860608138,"activator","activator","activator","activator",4.09215834697499e-84,"activator","activator","activator","activator",1.07219405471699,1.07219405471699,1.11394335230684,TRUE,TRUE,"ELK4"
"10",10,"MA0079.4",0,-0.122,0.257,9281,NA,NA,0.0769230769230769,2,0.0846848934198332,0.201835824577235,"activator","activator","activator","activator",2.2685519743032e-216,"activator","activator","activator","activator",1.07219405471699,1.07219405471699,1.11394335230684,TRUE,TRUE,"SP1"
"11",11,"MA0103.3",0,0.0504,0.122,6826,NA,NA,0.0769230769230769,2,0.0846848934198332,-0.207739926434126,"repressor","repressor","repressor","repressor",2.74370358036378e-173,"repressor","repressor","repressor","repressor",1.07219405471699,1.07219405471699,1.11394335230684,TRUE,TRUE,"ZEB1"
"12",12,"MA0104.4",0,-0.0356,0.0754,7535,NA,NA,0.0769230769230769,1,0.0846848934198332,-0.124235230437714,"repressor","repressor","repressor","repressor",1.00808229296391e-52,"repressor","repressor","repressor","repressor",1.07219405471699,1.07219405471699,1.11394335230684,TRUE,TRUE,"MYCN"
"13",13,"MA0114.4",0,0.0478,0.0916,3849,NA,NA,0.0769230769230769,1,0.0846848934198332,-0.134429931178913,"repressor","repressor","repressor","repressor",2.2749435239413e-09,"repressor","repressor","repressor","repressor",1.07219405471699,1.07219405471699,1.11394335230684,TRUE,TRUE,"HNF4A"
"14",14,"MA0146.2",0,0.0382,0.0832,12925,NA,NA,0.0769230769230769,1,0.0846848934198332,-0.105272287973267,"repressor","repressor","repressor","repressor",5.25892251300663e-93,"repressor","repressor","repressor","repressor",1.07219405471699,1.07219405471699,1.11394335230684,TRUE,TRUE,"ZFX"
"15",15,"MA0147.3",0,-0.0348,0.0738,6484,NA,NA,0.0769230769230769,1,0.0846848934198332,-0.141044406774215,"repressor","repressor","repressor","repressor",2.89213807886491e-65,"repressor","repressor","repressor","repressor",1.07219405471699,1.07219405471699,1.11394335230684,TRUE,TRUE,"MYC"
"16",16,"MA0148.4",0,0.0288,0.0524,3641,NA,NA,0.0769230769230769,1,0.0846848934198332,-0.146818322418346,"repressor","repressor","repressor","repressor",2.56744086684554e-21,"repressor","repressor","repressor","repressor",1.07219405471699,1.07219405471699,1.11394335230684,TRUE,TRUE,"FOXA1"
"17",17,"MA0161.2",0,0.0561,0.108,4751,NA,NA,0.0769230769230769,2,0.0846848934198332,-0.093431089376436,"repressor","repressor","repressor","repressor",3.57513534711849e-15,"repressor","repressor","repressor","repressor",1.07219405471699,1.07219405471699,1.11394335230684,TRUE,TRUE,"NFIC"
"18",18,"MA0163.1",0,0.0499,0.104,3847,NA,NA,0.0769230769230769,2,0.0846848934198332,0.107902005330371,"activator","activator","activator","activator",2.86957293498656e-72,"activator","activator","activator","activator",1.07219405471699,1.07219405471699,1.11394335230684,TRUE,TRUE,"PLAG1"
"19",19,"MA0465.2",0,0.125,0.232,3393,NA,NA,0.0769230769230769,2,0.0846848934198332,-0.10007897760964,"repressor","repressor","repressor","repressor",3.23902338076547e-07,"repressor","repressor","repressor","repressor",1.07219405471699,1.07219405471699,1.11394335230684,TRUE,TRUE,"CDX2"
"20",20,"MA0471.2",0,0.0127,0.0341,12217,NA,NA,0.0769230769230769,1,0.0846848934198332,-0.0976108033449987,"repressor","repressor","repressor","repressor",3.07550298017729e-45,"repressor","repressor","repressor","repressor",1.07219405471699,1.07219405471699,1.11394335230684,TRUE,TRUE,"E2F6"
"21",21,"MA0474.2",0,-0.00866,0.171,7695,NA,NA,0.307692307692308,2,0.322239365219308,0.172319531596122,"activator","activator","activator","activator",5.33468909774896e-114,"activator","activator","activator","activator",0.491821406644175,0.491821406644175,0.511883360978874,FALSE,FALSE,"ERG"
"22",22,"MA0475.2",0,-0.0146,0.177,7461,NA,NA,0.153846153846154,2,0.164417453891138,0.177082000334636,"activator","activator","activator","activator",2.51276742867136e-112,"activator","activator","activator","activator",0.784052081405111,0.784052081405111,0.812913356642856,TRUE,TRUE,"FLI1"
"23",23,"MA0486.2",0,0.127,0.237,2962,NA,NA,0.0769230769230769,2,0.0846848934198332,0.137850888291287,"activator","activator","activator","activator",2.13718779092995e-32,"activator","activator","activator","activator",1.07219405471699,1.07219405471699,1.11394335230684,TRUE,TRUE,"HSF1"
"24",24,"MA0488.1",0,-0.113,0.218,4028,NA,NA,0.0769230769230769,2,0.0846848934198332,0.247176159185395,"activator","activator","activator","activator",1.55770329930542e-98,"activator","activator","activator","activator",1.07219405471699,1.07219405471699,1.11394335230684,TRUE,TRUE,"JUN"
"25",25,"MA0491.2",0,-0.176,0.328,4380,NA,NA,0.0769230769230769,2,0.0846848934198332,0.166202474976719,"activator","activator","activator","activator",6.79726651682353e-239,"activator","activator","activator","activator",1.07219405471699,1.07219405471699,1.11394335230684,TRUE,TRUE,"JUND"
"26",26,"MA0495.3",0,0.0346,0.0642,2524,NA,NA,0.0769230769230769,1,0.0846848934198332,0.0912235384018521,"activator","activator","activator","activator",9.8011139481757e-27,"activator","activator","activator","activator",1.07219405471699,1.07219405471699,1.11394335230684,TRUE,TRUE,"MAFF"
"27",27,"MA0497.1",0,0.127,0.235,2265,NA,NA,0.0769230769230769,2,0.0846848934198332,0.117478019059491,"activator","activator","activator","activator",1.40042240260005e-23,"activator","activator","activator","activator",1.07219405471699,1.07219405471699,1.11394335230684,TRUE,TRUE,"MEF2C"
"28",28,"MA0504.1",0,-0.0277,0.0989,7783,NA,NA,0.0769230769230769,1,0.0846848934198332,0.144467277656503,"activator","activator","activator","activator",7.13449433430182e-97,"activator","activator","activator","activator",1.07219405471699,1.07219405471699,1.11394335230684,TRUE,TRUE,"NR2C2"
"29",29,"MA0505.1",0,0.123,0.259,3616,NA,NA,0.0769230769230769,2,0.0846848934198332,0.0910895153615321,"activator","activator","activator","activator",1.80185124709142e-43,"activator","activator","activator","activator",1.07219405471699,1.07219405471699,1.11394335230684,TRUE,TRUE,"NR5A2"
"30",30,"MA0507.1",0,0.0301,0.0845,2823,NA,NA,0.0769230769230769,1,0.0846848934198332,-0.137863445369931,"repressor","repressor","repressor","repressor",1.54551245009068e-56,"repressor","repressor","repressor","repressor",1.07219405471699,1.07219405471699,1.11394335230684,TRUE,TRUE,"POU2F2"
"31",31,"MA0508.3",0,0.0738,0.14,3787,NA,NA,0.0769230769230769,2,0.0846848934198332,-0.0941242196752952,"repressor","repressor","repressor","repressor",0.000101084439161999,"repressor","repressor","repressor","repressor",1.07219405471699,1.07219405471699,1.11394335230684,TRUE,TRUE,"PRDM1"
"32",32,"MA0512.2",0,-0.063,0.116,5230,NA,NA,0.0769230769230769,2,0.0846848934198332,0.109533672260406,"activator","activator","activator","activator",1.20495251294728e-108,"activator","activator","activator","activator",1.07219405471699,1.07219405471699,1.11394335230684,TRUE,TRUE,"RXRA"
"33",33,"MA0520.1",0,0.0993,0.187,2767,NA,NA,0.0769230769230769,2,0.0846848934198332,-0.101842757735041,"repressor","repressor","repressor","repressor",1.35165162610378e-65,"repressor","repressor","repressor","repressor",1.07219405471699,1.07219405471699,1.11394335230684,TRUE,TRUE,"STAT6"
"34",34,"MA0527.1",0,0.0101,0.0463,11102,NA,NA,0.0769230769230769,1,0.0846848934198332,0.0959355452107377,"activator","activator","activator","activator",1.67588639615095e-29,"activator","activator","activator","activator",1.07219405471699,1.07219405471699,1.11394335230684,TRUE,TRUE,"ZBTB33"
"35",35,"MA0600.2",0,-0.162,0.315,5861,NA,NA,0.0769230769230769,2,0.0846848934198332,0.102360563183706,"activator","activator","activator","activator",2.13849042039322e-55,"activator","activator","activator","activator",1.07219405471699,1.07219405471699,1.11394335230684,TRUE,TRUE,"RFX2"
"36",36,"MA0601.1",0,0.134,0.25,1668,NA,NA,0.0769230769230769,2,0.0846848934198332,0.197506606554084,"activator","activator","activator","activator",2.21273144767556e-123,"activator","activator","activator","activator",1.07219405471699,1.07219405471699,1.11394335230684,TRUE,TRUE,"ARID3B"
"37",37,"MA0606.1",0,0.0752,0.14,2191,NA,NA,0.0769230769230769,2,0.0846848934198332,0.0886646504634972,"activator","activator","activator","activator",2.1757753926781e-40,"activator","activator","activator","activator",1.07219405471699,1.07219405471699,1.11394335230684,TRUE,TRUE,"NFAT5"
"38",38,"MA0608.1",0,-0.0225,0.0554,8460,NA,NA,0.0769230769230769,1,0.0846848934198332,-0.100417187444166,"repressor","repressor","repressor","repressor",8.40079397118273e-35,"repressor","repressor","repressor","repressor",1.07219405471699,1.07219405471699,1.11394335230684,TRUE,TRUE,"CREB3L2"
"39",39,"MA0609.2",0,-0.143,0.286,5026,NA,NA,0.0769230769230769,2,0.0846848934198332,-0.196100804319068,"repressor","repressor","repressor","repressor",2.61321579075811e-99,"repressor","repressor","repressor","repressor",1.07219405471699,1.07219405471699,1.11394335230684,TRUE,TRUE,"CREM"
"40",40,"MA0615.1",0,-0.0128,0.0566,4106,NA,NA,0.0769230769230769,1,0.0846848934198332,-0.166341003904853,"repressor","repressor","repressor","repressor",1.44157939228171e-68,"repressor","repressor","repressor","repressor",1.07219405471699,1.07219405471699,1.11394335230684,TRUE,TRUE,"GMEB1"
"41",41,"MA0619.1",0,0.0982,0.18,1637,NA,NA,0.0769230769230769,2,0.0846848934198332,0.149305145741518,"activator","activator","activator","activator",2.7535291884911e-12,"activator","activator","activator","activator",1.07219405471699,1.07219405471699,1.11394335230684,TRUE,TRUE,"LIN54"
"42",42,"MA0624.1",0,0.081,0.151,3185,NA,NA,0.0769230769230769,2,0.0846848934198332,0.104000489485651,"activator","activator","activator","activator",1.31844139716274e-19,"activator","activator","activator","activator",1.07219405471699,1.07219405471699,1.11394335230684,TRUE,TRUE,"NFATC1"
"43",43,"MA0625.1",0,0.0816,0.152,3214,NA,NA,0.0769230769230769,2,0.0846848934198332,0.138579857688111,"activator","activator","activator","activator",1.50591327552867e-69,"activator","activator","activator","activator",1.07219405471699,1.07219405471699,1.11394335230684,TRUE,TRUE,"NFATC3"
"44",44,"MA0627.2",0,0.0368,0.0932,2393,NA,NA,0.0769230769230769,1,0.0846848934198332,0.0967968932027703,"activator","activator","activator","activator",1.9235063053063e-31,"activator","activator","activator","activator",1.07219405471699,1.07219405471699,1.11394335230684,TRUE,TRUE,"POU2F3"
"45",45,"MA0633.1",0,0.0514,0.0984,2512,NA,NA,0.0769230769230769,1,0.0846848934198332,0.107241157194885,"activator","activator","activator","activator",3.47464213112129e-23,"activator","activator","activator","activator",1.07219405471699,1.07219405471699,1.11394335230684,TRUE,TRUE,"TWIST2"
"46",46,"MA0634.1",0,0.00706,0.0303,5656,NA,NA,0.307692307692308,1,0.322239365219308,-0.106006560477271,"repressor","repressor","repressor","repressor",9.63277278098199e-33,"repressor","repressor","repressor","repressor",0.491821406644175,0.491821406644175,0.511883360978874,FALSE,FALSE,"ALX3"
"47",47,"MA0638.1",0,-0.0588,0.122,8179,NA,NA,0.0769230769230769,2,0.0846848934198332,0.160298327054765,"activator","activator","activator","activator",4.71965308530899e-62,"activator","activator","activator","activator",1.07219405471699,1.07219405471699,1.11394335230684,TRUE,TRUE,"CREB3"
"48",48,"MA0640.2",0,0.0149,0.0849,5537,NA,NA,0.153846153846154,1,0.164417453891138,-0.132836061525844,"repressor","repressor","repressor","repressor",2.70378899476917e-47,"repressor","repressor","repressor","repressor",0.784052081405111,0.784052081405111,0.812913356642856,TRUE,TRUE,"ELF3"
"49",49,"MA0643.1",0,0.011,0.0454,5783,NA,NA,0.153846153846154,1,0.164417453891138,-0.139313463899665,"repressor","repressor","repressor","repressor",2.17012292683297e-65,"repressor","repressor","repressor","repressor",0.784052081405111,0.784052081405111,0.812913356642856,TRUE,TRUE,"ESRRG"
"50",50,"MA0645.1",0,-0.0272,0.142,8104,NA,NA,0.0769230769230769,2,0.0846848934198332,-0.168647694973106,"repressor","repressor","repressor","repressor",1.00134184186054e-73,"repressor","repressor","repressor","repressor",1.07219405471699,1.07219405471699,1.11394335230684,TRUE,TRUE,"ETV6"
"51",51,"MA0648.1",0,-0.0864,0.166,10829,NA,NA,0.0769230769230769,2,0.0846848934198332,0.0924080769150022,"activator","activator","activator","activator",7.81452672960605e-85,"activator","activator","activator","activator",1.07219405471699,1.07219405471699,1.11394335230684,TRUE,TRUE,"GSC"
"52",52,"MA0655.1",0,-0.16,0.302,5380,NA,NA,0.0769230769230769,2,0.0846848934198332,0.260693241185552,"activator","activator","activator","activator",0,"activator","activator","activator","activator",1.07219405471699,1.07219405471699,1.11394335230684,TRUE,TRUE,"JDP2"
"53",53,"MA0658.1",0,-0.0138,0.0431,4081,NA,NA,0.153846153846154,1,0.164417453891138,-0.121668451066434,"repressor","repressor","repressor","repressor",6.08927601189783e-22,"repressor","repressor","repressor","repressor",0.784052081405111,0.784052081405111,0.812913356642856,TRUE,TRUE,"LHX6"
"54",54,"MA0664.1",0,-0.0728,0.152,3781,NA,NA,0.0769230769230769,2,0.0846848934198332,-0.0936821732100819,"repressor","repressor","repressor","repressor",0.00292679836891442,"repressor","repressor","repressor","repressor",1.07219405471699,1.07219405471699,1.11394335230684,TRUE,TRUE,"MLXIPL"
"55",55,"MA0678.1",0,0.0559,0.102,2429,NA,NA,0.0769230769230769,2,0.0846848934198332,-0.153760311577214,"repressor","repressor","repressor","repressor",4.34860152773892e-43,"repressor","repressor","repressor","repressor",1.07219405471699,1.07219405471699,1.11394335230684,TRUE,TRUE,"OLIG2"
"56",56,"MA0683.1",0,0.0941,0.175,2453,NA,NA,0.0769230769230769,2,0.0846848934198332,-0.157011436732352,"repressor","repressor","repressor","repressor",1.04295057944746e-28,"repressor","repressor","repressor","repressor",1.07219405471699,1.07219405471699,1.11394335230684,TRUE,TRUE,"POU4F2"
"57",57,"MA0695.1",0,0.046,0.094,11252,NA,NA,0.0769230769230769,1,0.0846848934198332,0.105044572712977,"activator","activator","activator","activator",4.20067568409106e-91,"activator","activator","activator","activator",1.07219405471699,1.07219405471699,1.11394335230684,TRUE,TRUE,"ZBTB7C"
"58",58,"MA0698.1",0,0.0394,0.083,4176,NA,NA,0.0769230769230769,1,0.0846848934198332,0.204827527807476,"activator","activator","activator","activator",3.83606408793277e-67,"activator","activator","activator","activator",1.07219405471699,1.07219405471699,1.11394335230684,TRUE,TRUE,"ZBTB18"
"59",59,"MA0705.1",0,-0.0332,0.075,3871,NA,NA,0.0769230769230769,1,0.0846848934198332,-0.133988961100809,"repressor","repressor","repressor","repressor",9.96699755975961e-25,"repressor","repressor","repressor","repressor",1.07219405471699,1.07219405471699,1.11394335230684,TRUE,TRUE,"LHX8"
"60",60,"MA0706.1",0,0.0238,0.0524,5393,NA,NA,0.0769230769230769,1,0.0846848934198332,-0.0983473985843645,"repressor","repressor","repressor","repressor",4.03148418862857e-17,"repressor","repressor","repressor","repressor",1.07219405471699,1.07219405471699,1.11394335230684,TRUE,TRUE,"MEOX2"
"61",61,"MA0708.1",0,-0.0165,0.0463,5493,NA,NA,0.0769230769230769,1,0.0846848934198332,-0.105566872380912,"repressor","repressor","repressor","repressor",7.52983340152492e-16,"repressor","repressor","repressor","repressor",1.07219405471699,1.07219405471699,1.11394335230684,TRUE,TRUE,"MSX2"
"62",62,"MA0711.1",0,-0.0561,0.115,6695,NA,NA,0.0769230769230769,2,0.0846848934198332,0.158160048718613,"activator","activator","activator","activator",1.36462691794803e-134,"activator","activator","activator","activator",1.07219405471699,1.07219405471699,1.11394335230684,TRUE,TRUE,"OTX1"
"63",63,"MA0712.2",0,-0.0791,0.151,8157,NA,NA,0.0769230769230769,2,0.0846848934198332,0.12410246568572,"activator","activator","activator","activator",4.97467070456046e-98,"activator","activator","activator","activator",1.07219405471699,1.07219405471699,1.11394335230684,TRUE,TRUE,"OTX2"
"64",64,"MA0716.1",0,0.0275,0.0607,3853,NA,NA,0.0769230769230769,1,0.0846848934198332,-0.126006647129303,"repressor","repressor","repressor","repressor",5.34406043038981e-17,"repressor","repressor","repressor","repressor",1.07219405471699,1.07219405471699,1.11394335230684,TRUE,TRUE,"PRRX1"
"65",65,"MA0747.1",0,-0.109,0.26,5831,NA,NA,0.0769230769230769,2,0.0846848934198332,-0.126491271674794,"repressor","repressor","repressor","repressor",3.14543868503069e-10,"repressor","repressor","repressor","repressor",1.07219405471699,1.07219405471699,1.11394335230684,TRUE,TRUE,"SP8"
"66",66,"MA0753.2",0,-0.0109,0.172,897,NA,NA,0.0769230769230769,2,0.0846848934198332,0.184163239685397,"activator","activator","activator","activator",1.12436991781369e-13,"activator","activator","activator","activator",1.07219405471699,1.07219405471699,1.11394335230684,TRUE,TRUE,"ZNF740"
"67",67,"MA0754.1",0,0.0346,0.0662,2549,NA,NA,0.0769230769230769,1,0.0846848934198332,0.15842024956303,"activator","activator","activator","activator",2.37511679027931e-24,"activator","activator","activator","activator",1.07219405471699,1.07219405471699,1.11394335230684,TRUE,TRUE,"CUX1"
"68",68,"MA0757.1",0,0.109,0.209,1782,NA,NA,0.0769230769230769,2,0.0846848934198332,-0.105979767255273,"repressor","repressor","repressor","repressor",1.21224135510034e-07,"repressor","repressor","repressor","repressor",1.07219405471699,1.07219405471699,1.11394335230684,TRUE,TRUE,"ONECUT3"
"69",69,"MA0759.1",0,-0.0398,0.215,5874,NA,NA,0.0769230769230769,2,0.0846848934198332,0.22312184809417,"activator","activator","activator","activator",4.86318838872227e-61,"activator","activator","activator","activator",1.07219405471699,1.07219405471699,1.11394335230684,TRUE,TRUE,"ELK3"
"70",70,"MA0761.2",0,0.0139,0.0968,5429,NA,NA,0.153846153846154,1,0.164417453891138,0.113610034947603,"activator","activator","activator","activator",3.08477454079114e-37,"activator","activator","activator","activator",0.784052081405111,0.784052081405111,0.812913356642856,TRUE,TRUE,"ETV1"
"71",71,"MA0765.2",0,-0.0372,0.14,8531,NA,NA,0.0769230769230769,2,0.0846848934198332,-0.155456573595225,"repressor","repressor","repressor","repressor",5.36149045827981e-60,"repressor","repressor","repressor","repressor",1.07219405471699,1.07219405471699,1.11394335230684,TRUE,TRUE,"ETV5"
"72",72,"MA0768.1",0,-0.00661,0.0144,6007,NA,NA,0.153846153846154,1,0.164417453891138,0.120792594544313,"activator","activator","activator","activator",1.6592078368635e-72,"activator","activator","activator","activator",0.784052081405111,0.784052081405111,0.812913356642856,TRUE,TRUE,"LEF1"
"73",73,"MA0769.2",0,-0.0441,0.0838,5668,NA,NA,0.0769230769230769,1,0.0846848934198332,-0.127480288845589,"repressor","repressor","repressor","repressor",3.44203070331008e-23,"repressor","repressor","repressor","repressor",1.07219405471699,1.07219405471699,1.11394335230684,TRUE,TRUE,"TCF7"
"74",74,"MA0773.1",0,0.133,0.25,2629,NA,NA,0.0769230769230769,2,0.0846848934198332,-0.178333724040755,"repressor","repressor","repressor","repressor",3.39144522369467e-31,"repressor","repressor","repressor","repressor",1.07219405471699,1.07219405471699,1.11394335230684,TRUE,TRUE,"MEF2D"
"75",75,"MA0778.1",0,0.108,0.225,4770,NA,NA,0.0769230769230769,2,0.0846848934198332,0.0913202693007188,"activator","activator","activator","activator",7.39381817501706e-14,"activator","activator","activator","activator",1.07219405471699,1.07219405471699,1.11394335230684,TRUE,TRUE,"NFKB2"
"76",76,"MA0780.1",0,0.0789,0.146,1387,NA,NA,0.0769230769230769,2,0.0846848934198332,0.107617430267394,"activator","activator","activator","activator",5.28200497321711e-05,"activator","activator","activator","activator",1.07219405471699,1.07219405471699,1.11394335230684,TRUE,TRUE,"PAX3"
"77",77,"MA0789.1",0,0.0344,0.0803,2988,NA,NA,0.0769230769230769,1,0.0846848934198332,-0.173046308167882,"repressor","repressor","repressor","repressor",2.57929847235021e-34,"repressor","repressor","repressor","repressor",1.07219405471699,1.07219405471699,1.11394335230684,TRUE,TRUE,"POU3F4"
"78",78,"MA0807.1",0,0.0565,0.107,4153,NA,NA,0.0769230769230769,2,0.0846848934198332,-0.093540522761201,"repressor","repressor","repressor","repressor",3.64586988890758e-11,"repressor","repressor","repressor","repressor",1.07219405471699,1.07219405471699,1.11394335230684,TRUE,TRUE,"TBX5"
"79",79,"MA0808.1",0,-0.0177,0.0445,7490,NA,NA,0.0769230769230769,1,0.0846848934198332,-0.174711747490944,"repressor","repressor","repressor","repressor",5.25972545203036e-58,"repressor","repressor","repressor","repressor",1.07219405471699,1.07219405471699,1.11394335230684,TRUE,TRUE,"TEAD3"
"80",80,"MA0809.2",0,-0.0293,0.0561,7680,NA,NA,0.0769230769230769,1,0.0846848934198332,-0.130326979450739,"repressor","repressor","repressor","repressor",7.03641259050999e-51,"repressor","repressor","repressor","repressor",1.07219405471699,1.07219405471699,1.11394335230684,TRUE,TRUE,"TEAD4"
"81",81,"MA0811.1",0,0.0617,0.13,15311,NA,NA,0.0769230769230769,2,0.0846848934198332,-0.0987884431692112,"repressor","repressor","repressor","repressor",1.65255057174936e-50,"repressor","repressor","repressor","repressor",1.07219405471699,1.07219405471699,1.11394335230684,TRUE,TRUE,"TFAP2B"
"82",82,"MA0817.1",0,0.0565,0.102,2220,NA,NA,0.0769230769230769,2,0.0846848934198332,-0.210819940037197,"repressor","repressor","repressor","repressor",3.43632809858413e-64,"repressor","repressor","repressor","repressor",1.07219405471699,1.07219405471699,1.11394335230684,TRUE,TRUE,"BHLHE23"
"83",83,"MA0823.1",0,-0.0188,0.0592,7167,NA,NA,0.0769230769230769,1,0.0846848934198332,0.102784978026946,"activator","activator","activator","activator",8.13496618563639e-16,"activator","activator","activator","activator",1.07219405471699,1.07219405471699,1.11394335230684,TRUE,TRUE,"HEY1"
"84",84,"MA0835.2",0,-0.142,0.263,4433,NA,NA,0.0769230769230769,2,0.0846848934198332,0.107025790399616,"activator","activator","activator","activator",3.54539471815846e-93,"activator","activator","activator","activator",1.07219405471699,1.07219405471699,1.11394335230684,TRUE,TRUE,"BATF3"
"85",85,"MA0840.1",0,-0.179,0.356,3392,NA,NA,0.0769230769230769,2,0.0846848934198332,0.212182594608876,"activator","activator","activator","activator",1.84809300069605e-66,"activator","activator","activator","activator",1.07219405471699,1.07219405471699,1.11394335230684,TRUE,TRUE,"CREB5"
"86",86,"MA0843.1",0,0.0596,0.112,1439,NA,NA,0.0769230769230769,2,0.0846848934198332,0.122776313194919,"activator","activator","activator","activator",1.02641109124044e-36,"activator","activator","activator","activator",1.07219405471699,1.07219405471699,1.11394335230684,TRUE,TRUE,"TEF"
"87",87,"MA0847.2",0,0.0295,0.0544,2607,NA,NA,0.0769230769230769,1,0.0846848934198332,0.171142140965945,"activator","activator","activator","activator",3.19456245874156e-34,"activator","activator","activator","activator",1.07219405471699,1.07219405471699,1.11394335230684,TRUE,TRUE,"FOXD2"
"88",88,"MA0853.1",0,0.0166,0.0457,4757,NA,NA,0.153846153846154,1,0.164417453891138,-0.126684471838972,"repressor","repressor","repressor","repressor",9.74689315911764e-28,"repressor","repressor","repressor","repressor",0.784052081405111,0.784052081405111,0.812913356642856,TRUE,TRUE,"ALX4"
"89",89,"MA0854.1",0,0.0181,0.0389,4654,NA,NA,0.0769230769230769,1,0.0846848934198332,-0.106937310001319,"repressor","repressor","repressor","repressor",1.66745583095354e-19,"repressor","repressor","repressor","repressor",1.07219405471699,1.07219405471699,1.11394335230684,TRUE,TRUE,"ALX1"
"90",90,"MA0856.1",0,-0.055,0.102,5123,NA,NA,0.0769230769230769,2,0.0846848934198332,0.262938374802817,"activator","activator","activator","activator",2.44655780889263e-191,"activator","activator","activator","activator",1.07219405471699,1.07219405471699,1.11394335230684,TRUE,TRUE,"RXRG"
"91",91,"MA0857.1",0,-0.0502,0.0932,4806,NA,NA,0.0769230769230769,1,0.0846848934198332,0.212318602347804,"activator","activator","activator","activator",1.4289770487808e-151,"activator","activator","activator","activator",1.07219405471699,1.07219405471699,1.11394335230684,TRUE,TRUE,"RARB"
"92",92,"MA0861.1",0,-0.0543,0.105,2798,NA,NA,0.0769230769230769,2,0.0846848934198332,0.101643373764945,"activator","activator","activator","activator",4.45723794093001e-13,"activator","activator","activator","activator",1.07219405471699,1.07219405471699,1.11394335230684,TRUE,TRUE,"TP73"
"93",93,"MA0866.1",0,0.0331,0.0607,3241,NA,NA,0.0769230769230769,1,0.0846848934198332,-0.10198095796604,"repressor","repressor","repressor","repressor",8.24393890997804e-09,"repressor","repressor","repressor","repressor",1.07219405471699,1.07219405471699,1.11394335230684,TRUE,TRUE,"SOX21"
"94",94,"MA0875.1",0,-0.0323,0.0627,6697,NA,NA,0.0769230769230769,1,0.0846848934198332,-0.0951562552976088,"repressor","repressor","repressor","repressor",3.55499657783048e-22,"repressor","repressor","repressor","repressor",1.07219405471699,1.07219405471699,1.11394335230684,TRUE,TRUE,"BARX1"
"95",95,"MA0877.2",0,0.0827,0.163,2763,NA,NA,0.0769230769230769,2,0.0846848934198332,-0.119744359389895,"repressor","repressor","repressor","repressor",3.91429796665777e-30,"repressor","repressor","repressor","repressor",1.07219405471699,1.07219405471699,1.11394335230684,TRUE,TRUE,"BARHL1"
"96",96,"MA0879.1",0,-0.0201,0.0401,3799,NA,NA,0.0769230769230769,1,0.0846848934198332,-0.128177215929429,"repressor","repressor","repressor","repressor",9.5965107785214e-23,"repressor","repressor","repressor","repressor",1.07219405471699,1.07219405471699,1.11394335230684,TRUE,TRUE,"DLX1"
"97",97,"MA0880.1",0,-0.0127,0.0309,6174,NA,NA,0.0769230769230769,1,0.0846848934198332,-0.122458595766026,"repressor","repressor","repressor","repressor",3.82598043150533e-36,"repressor","repressor","repressor","repressor",1.07219405471699,1.07219405471699,1.11394335230684,TRUE,TRUE,"DLX3"
"98",98,"MA0883.1",0,-0.0603,0.113,5224,NA,NA,0.0769230769230769,2,0.0846848934198332,0.116150883466896,"activator","activator","activator","activator",2.59429724306455e-52,"activator","activator","activator","activator",1.07219405471699,1.07219405471699,1.11394335230684,TRUE,TRUE,"DMBX1"
"99",99,"MA1107.2",0,-0.0573,0.123,8749,NA,NA,0.0769230769230769,2,0.0846848934198332,0.1388094326294,"activator","activator","activator","activator",9.11655495093235e-149,"activator","activator","activator","activator",1.07219405471699,1.07219405471699,1.11394335230684,TRUE,TRUE,"KLF9"
"100",100,"MA1111.1",0,-0.0492,0.0947,4506,NA,NA,0.0769230769230769,1,0.0846848934198332,0.42047439983991,"activator","activator","activator","activator",7.40484097476036e-270,"activator","activator","activator","activator",1.07219405471699,1.07219405471699,1.11394335230684,TRUE,TRUE,"NR2F2"
"101",101,"MA1112.2",0,-0.0298,0.0586,5751,NA,NA,0.0769230769230769,1,0.0846848934198332,-0.146527104125084,"repressor","repressor","repressor","repressor",1.3063617180413e-205,"repressor","repressor","repressor","repressor",1.07219405471699,1.07219405471699,1.11394335230684,TRUE,TRUE,"NR4A1"
"102",102,"MA1115.1",0,0.0204,0.0551,2504,NA,NA,0.0769230769230769,1,0.0846848934198332,0.203610087208252,"activator","activator","activator","activator",4.87747705213487e-57,"activator","activator","activator","activator",1.07219405471699,1.07219405471699,1.11394335230684,TRUE,TRUE,"POU5F3"
"103",103,"MA1123.2",0,0.0383,0.0719,3710,NA,NA,0.0769230769230769,1,0.0846848934198332,0.328562145884662,"activator","activator","activator","activator",3.17232727777944e-176,"activator","activator","activator","activator",1.07219405471699,1.07219405471699,1.11394335230684,TRUE,TRUE,"TWIST1"
"104",104,"MA1125.1",0,0.141,0.272,2054,NA,NA,0.0769230769230769,2,0.0846848934198332,0.196373978813839,"activator","activator","activator","activator",4.93943401739045e-81,"activator","activator","activator","activator",1.07219405471699,1.07219405471699,1.11394335230684,TRUE,TRUE,"ZNF384"
"105",105,"MA1421.1",0,-0.0101,0.0292,5390,NA,NA,0.0769230769230769,1,0.0846848934198332,-0.135140207013865,"repressor","repressor","repressor","repressor",1.41752081829366e-86,"repressor","repressor","repressor","repressor",1.07219405471699,1.07219405471699,1.11394335230684,TRUE,TRUE,"TCF7L1"
"106",106,"MA1471.1",0,0.0949,0.177,2090,NA,NA,0.0769230769230769,2,0.0846848934198332,-0.118233875336721,"repressor","repressor","repressor","repressor",8.60086145298829e-29,"repressor","repressor","repressor","repressor",1.07219405471699,1.07219405471699,1.11394335230684,TRUE,TRUE,"BARX2"
"107",107,"MA1481.1",0,-0.038,0.083,2476,NA,NA,0.0769230769230769,1,0.0846848934198332,-0.141463663333646,"repressor","repressor","repressor","repressor",2.72517409273431e-31,"repressor","repressor","repressor","repressor",1.07219405471699,1.07219405471699,1.11394335230684,TRUE,TRUE,"DRGX"
"108",108,"MA1491.1",0,0.0529,0.113,9120,NA,NA,0.0769230769230769,2,0.0846848934198332,-0.101066339928292,"repressor","repressor","repressor","repressor",5.97729760342701e-07,"repressor","repressor","repressor","repressor",1.07219405471699,1.07219405471699,1.11394335230684,TRUE,TRUE,"GLI3"
"109",109,"MA1512.1",0,-0.0676,0.142,10445,NA,NA,0.0769230769230769,2,0.0846848934198332,-0.093021739909519,"repressor","repressor","repressor","repressor",1.22472406509884e-60,"repressor","repressor","repressor","repressor",1.07219405471699,1.07219405471699,1.11394335230684,TRUE,TRUE,"KLF11"
"110",110,"MA1515.1",0,-0.0484,0.107,12022,NA,NA,0.0769230769230769,2,0.0846848934198332,0.117206336260607,"activator","activator","activator","activator",3.19802221724386e-76,"activator","activator","activator","activator",1.07219405471699,1.07219405471699,1.11394335230684,TRUE,TRUE,"KLF2"
"111",111,"MA1517.1",0,-0.0863,0.18,8712,NA,NA,0.0769230769230769,2,0.0846848934198332,0.146284367442022,"activator","activator","activator","activator",7.82492025600587e-109,"activator","activator","activator","activator",1.07219405471699,1.07219405471699,1.11394335230684,TRUE,TRUE,"KLF6"
"112",112,"MA1519.1",0,0.0517,0.0936,5075,NA,NA,0.0769230769230769,1,0.0846848934198332,-0.0960451931260024,"repressor","repressor","repressor","repressor",7.63817637303476e-06,"repressor","repressor","repressor","repressor",1.07219405471699,1.07219405471699,1.11394335230684,TRUE,TRUE,"LHX5"
"113",113,"MA1534.1",0,0.0573,0.105,3827,NA,NA,0.0769230769230769,2,0.0846848934198332,-0.251895714243939,"repressor","repressor","repressor","repressor",5.97748745101928e-199,"repressor","repressor","repressor","repressor",1.07219405471699,1.07219405471699,1.11394335230684,TRUE,TRUE,"NR1I3"
"114",114,"MA1541.1",0,0.0377,0.0781,2716,NA,NA,0.0769230769230769,1,0.0846848934198332,-0.231847868329831,"repressor","repressor","repressor","repressor",1.02103615822208e-64,"repressor","repressor","repressor","repressor",1.07219405471699,1.07219405471699,1.11394335230684,TRUE,TRUE,"NR6A1"
"115",115,"MA1545.1",0,0.0715,0.142,2559,NA,NA,0.0769230769230769,2,0.0846848934198332,-0.109851477075481,"repressor","repressor","repressor","repressor",3.73720794622443e-05,"repressor","repressor","repressor","repressor",1.07219405471699,1.07219405471699,1.11394335230684,TRUE,TRUE,"OVOL2"
"116",116,"MA1547.1",0,-0.064,0.124,4421,NA,NA,0.0769230769230769,2,0.0846848934198332,-0.120710090648367,"repressor","repressor","repressor","repressor",4.03468244331705e-42,"repressor","repressor","repressor","repressor",1.07219405471699,1.07219405471699,1.11394335230684,TRUE,TRUE,"PITX2"
"117",117,"MA1558.1",0,0.0109,0.101,8274,NA,NA,0.307692307692308,2,0.322239365219308,-0.127345390051372,"repressor","repressor","repressor","repressor",2.86807926588142e-61,"repressor","repressor","repressor","repressor",0.491821406644175,0.491821406644175,0.511883360978874,FALSE,FALSE,"SNAI1"
"118",118,"MA1569.1",0,0.0727,0.152,11025,NA,NA,0.0769230769230769,2,0.0846848934198332,-0.0964916818654449,"repressor","repressor","repressor","repressor",2.97680287716302e-57,"repressor","repressor","repressor","repressor",1.07219405471699,1.07219405471699,1.11394335230684,TRUE,TRUE,"TFAP2E"
"119",119,"MA1580.1",0,0.164,0.295,2086,NA,NA,0.0769230769230769,2,0.0846848934198332,0.092128091066284,"activator","activator","activator","activator",3.83075430607495e-06,"activator","activator","activator","activator",1.07219405471699,1.07219405471699,1.11394335230684,TRUE,TRUE,"ZBTB32"
"120",120,"MA1608.1",0,-0.00406,0.0156,5694,NA,NA,0.153846153846154,1,0.164417453891138,-0.0947295166964876,"repressor","repressor","repressor","repressor",1.34329199500432e-14,"repressor","repressor","repressor","repressor",0.784052081405111,0.784052081405111,0.812913356642856,TRUE,TRUE,"ISL1"
"121",121,"MA1623.1",0,0.111,0.208,2388,NA,NA,0.0769230769230769,2,0.0846848934198332,-0.0957359576796811,"repressor","repressor","repressor","repressor",3.39834139880628e-33,"repressor","repressor","repressor","repressor",1.07219405471699,1.07219405471699,1.11394335230684,TRUE,TRUE,"STAT2"
"122",122,"MA1627.1",0,0.00498,0.0208,13635,NA,NA,0.0769230769230769,1,0.0846848934198332,0.0931446978227477,"activator","activator","activator","activator",1.66641741134374e-121,"activator","activator","activator","activator",1.07219405471699,1.07219405471699,1.11394335230684,TRUE,TRUE,"WT1"
"123",123,"MA1629.1",0,-0.0149,0.0795,14685,NA,NA,0.0769230769230769,1,0.0846848934198332,0.106794641418138,"activator","activator","activator","activator",3.75003055161954e-175,"activator","activator","activator","activator",1.07219405471699,1.07219405471699,1.11394335230684,TRUE,TRUE,"ZIC2"
"124",124,"MA1631.1",0,0.00913,0.141,8813,NA,NA,0.307692307692308,2,0.322239365219308,-0.13773231365363,"repressor","repressor","repressor","repressor",6.81698458499045e-78,"repressor","repressor","repressor","repressor",0.491821406644175,0.491821406644175,0.511883360978874,FALSE,FALSE,"ASCL1"
"125",125,"MA1632.1",0,-0.16,0.31,4148,NA,NA,0.0769230769230769,2,0.0846848934198332,0.0924644210583173,"activator","activator","activator","activator",5.22960108502851e-35,"activator","activator","activator","activator",1.07219405471699,1.07219405471699,1.11394335230684,TRUE,TRUE,"ATF2"
"126",126,"MA1633.1",0,-0.0986,0.193,8041,NA,NA,0.0769230769230769,2,0.0846848934198332,-0.117433051859091,"repressor","repressor","repressor","repressor",1.56061137629522e-16,"repressor","repressor","repressor","repressor",1.07219405471699,1.07219405471699,1.11394335230684,TRUE,TRUE,"BACH1"
"127",127,"MA1634.1",0,-0.161,0.301,4779,NA,NA,0.0769230769230769,2,0.0846848934198332,0.161581068738142,"activator","activator","activator","activator",4.15821583732993e-111,"activator","activator","activator","activator",1.07219405471699,1.07219405471699,1.11394335230684,TRUE,TRUE,"BATF"
"128",128,"MA1643.1",0,0.0472,0.0978,4916,NA,NA,0.0769230769230769,1,0.0846848934198332,-0.110647475741944,"repressor","repressor","repressor","repressor",3.56652606755556e-19,"repressor","repressor","repressor","repressor",1.07219405471699,1.07219405471699,1.11394335230684,TRUE,TRUE,"NFIB"
