motif_id	motif_alt_id	sequence_name	start	stop	strand	score	p-value	q-value	matched_sequence
MA0696.1	ZIC1	chr7:33372850-33373402	288	301	+	13.766	4.1e-06	0.634	GACCCCCTGGAGTG
MA0696.1	ZIC1	chr6:27838242-27838626	65	78	+	11.5106	1.06e-05	0.718	CACAGCCCGCTGTG
MA0696.1	ZIC1	chr20:2967897-2968237	308	321	-	10.8085	1.39e-05	0.718	CCCACCCCACTGTG
MA0696.1	ZIC1	chr11:19552646-19553335	194	207	+	8.6383	3.11e-05	0.891	GAAGCCCTGCTGGG
MA0696.1	ZIC1	chr17:9330611-9331040	112	125	+	8.40426	3.37e-05	0.891	CCCCCCCTCCTGCG
MA0696.1	ZIC1	chr8:8316211-8316580	351	364	+	8.04255	3.82e-05	0.891	AACCTCCTGTTGTT
MA0696.1	ZIC1	chr11:19552646-19553335	256	269	+	7.89362	4.04e-05	0.891	CGCTCCCTGCAGCG
MA0696.1	ZIC1	chr4:81600667-81601249	34	47	-	7.38298	4.8e-05	0.926	ACCCCCCTGCTATG
MA0696.1	ZIC1	chr2:114063347-114063891	184	197	+	6.14894	7.21e-05	0.976	GACCCCATATTGTT
MA0696.1	ZIC1	chr13:17255358-17255480	11	24	+	6.10638	7.31e-05	0.976	GACCTCCCGCCCTG
MA0696.1	ZIC1	chr6:22699093-22699660	224	237	-	6.02128	7.51e-05	0.976	TACCACCCGCTACT
MA0696.1	ZIC1	chr1:24874944-24875144	12	25	-	5.74468	8.21e-05	0.976	TCCATCCTGCTGTT
MA0696.1	ZIC1	chr5:4918806-4919314	453	466	-	5.74468	8.21e-05	0.976	TGCCCCCCATTACG
MA0696.1	ZIC1	chr7:33372850-33373402	442	455	-	5.48936	8.89e-05	0.982	TGCCCCCAGTGGAG
MA0696.1	ZIC1	chr20:6561820-6562450	220	233	-	4.95745	0.000105	1	TATACCCTGCAGTG
MA0696.1	ZIC1	chr2:81696879-81697427	403	416	-	4.51064	0.00012	1	TGCCACACATTGTG
MA0696.1	ZIC1	chr1:122571193-122571706	484	497	-	4.42553	0.000124	1	TGCCTCCTGCTAAG
MA0696.1	ZIC1	chr18:5414534-5415423	663	676	+	4.34043	0.000127	1	CACCTCCCACTGGC
MA0696.1	ZIC1	chr6:12404014-12404480	291	304	-	4.17021	0.000133	1	TCCCCCCCGCCCAG
MA0696.1	ZIC1	chr3:30492529-30493202	296	309	-	4.17021	0.000133	1	TGCTGCCCGCTGCT
MA0696.1	ZIC1	chr3:30492529-30493202	193	206	+	3.70213	0.000154	1	CAGCACCCGCTGAT
MA0696.1	ZIC1	chr18:6581308-6581585	177	190	+	3.6383	0.000157	1	GAAATCCTGTTGGG
MA0696.1	ZIC1	chr1:1919364-1919651	60	73	-	3.3617	0.00017	1	TCCATCCTGCTGAT
MA0696.1	ZIC1	chr7:33372850-33373402	329	342	+	3.2766	0.000174	1	AACCTCCTACAGAG
MA0696.1	ZIC1	chr1:166888721-166889242	20	33	-	3.23404	0.000176	1	CACCTCCCGGGGAT
MA0696.1	ZIC1	chr4:76339279-76339632	326	339	-	3.04255	0.000186	1	GGCTCGCTGCTGTG
MA0696.1	ZIC1	chr3:30492529-30493202	409	422	+	2.93617	0.000192	1	GGCCCCACTCGGTG
MA0696.1	ZIC1	chr9:16152740-16153233	136	149	-	2.82979	0.000198	1	TCCCCCCCCCCGCT
MA0696.1	ZIC1	chr1:100819084-100819708	555	568	-	2.70213	0.000206	1	CACTCCCTACCGTT
MA0696.1	ZIC1	chr1:122571193-122571706	246	259	+	2.57447	0.000213	1	GCCCACATGCCGTT
MA0696.1	ZIC1	chr12:13960515-13961169	566	579	+	2.53191	0.000216	1	GACTACCTACTGGT
MA0696.1	ZIC1	chr9:16152740-16153233	133	146	-	2.46809	0.00022	1	CCCCCCCCGCTCCC
MA0696.1	ZIC1	chr1:26403635-26404252	45	58	+	2.21277	0.000236	1	AACCTCCCATGGCT
MA0696.1	ZIC1	chr5:4918806-4919314	407	420	+	2.19149	0.000238	1	CCTCACCTGCTGCT
MA0696.1	ZIC1	chr1:84938468-84938931	366	379	+	1.87234	0.00026	1	CACCACTTGTTGAG
MA0696.1	ZIC1	chr5:56123732-56124289	518	531	+	1.80851	0.000265	1	GCCCTCTCGTGGTG
MA0696.1	ZIC1	chr2:65881533-65881964	169	182	-	1.6383	0.000278	1	TACTCCCCATAGTT
MA0696.1	ZIC1	chr4:61713913-61714158	198	211	+	1.53191	0.000286	1	TACTACCCTCTGTG
MA0696.1	ZIC1	chr2:19235197-19235337	76	89	+	1.3617	0.0003	1	GTCCCCCTGCTCAG
MA0696.1	ZIC1	chr6:13101846-13102001	110	123	+	0.978723	0.000333	1	AAAGCCCCGCTGGT
MA0696.1	ZIC1	chr7:7156132-7156300	60	73	-	0.595745	0.000369	1	TACCGCCTGTTGGA
MA0696.1	ZIC1	chr3:69532660-69533020	341	354	+	0.595745	0.000369	1	AGTTCCCTGTTGTG
MA0696.1	ZIC1	chr7:11276322-11276834	467	480	-	0.553191	0.000373	1	GAACACCTACTCTG
MA0696.1	ZIC1	chr9:16152740-16153233	112	125	-	0.489362	0.00038	1	GCCAGCCCGGGGGG
MA0696.1	ZIC1	chr5:56123732-56124289	32	45	-	0.404255	0.000388	1	ATCCCCCCAGTGTG
MA0696.1	ZIC1	chr5:82175-82501	45	58	+	0.340426	0.000395	1	TGCCACCAGTGGTT
MA0696.1	ZIC1	chr2:123773601-123774219	254	267	+	0.340426	0.000395	1	GGCAGCCTTCTGTG
MA0696.1	ZIC1	chr1:1919364-1919651	204	217	-	0.297872	0.0004	1	GAACACCAGCTGTC
MA0696.1	ZIC1	chr7:33372850-33373402	506	519	-	0.106383	0.00042	1	GGTCACCTACAGAG
MA0696.1	ZIC1	chr18:5123065-5123707	133	146	+	-0.0212766	0.000435	1	GAAAACCTATTGTT
MA0696.1	ZIC1	chr3:96900418-96901022	172	185	-	-0.0212766	0.000435	1	TGAAACCTGTGGGG
MA0696.1	ZIC1	chr3:79141239-79141530	96	109	-	-0.0851064	0.000442	1	GACACCAAGCTGGG
MA0696.1	ZIC1	chr2:13514854-13515316	210	223	+	-0.148936	0.00045	1	ACCCCCACACTGTC
MA0696.1	ZIC1	chr1:145957969-145958169	49	62	-	-0.234043	0.00046	1	GATTCCCCATTGTT
MA0696.1	ZIC1	chr4:28558994-28559463	67	80	+	-0.255319	0.000462	1	GACCTCCAGCAGTC
MA0696.1	ZIC1	chr4:13860131-13860755	184	197	-	-0.276596	0.000465	1	GACCCTCTGCTAGG
MA0696.1	ZIC1	chr10:20977432-20977722	39	52	+	-0.468085	0.000489	1	AATCCCCCATTGAT
MA0696.1	ZIC1	chr6:35038058-35038441	359	372	+	-0.574468	0.000502	1	GACGTCCTGTTGTA
MA0696.1	ZIC1	chr1:145898962-145899600	291	304	+	-0.595745	0.000505	1	CATAGCCCGCTGTT
MA0696.1	ZIC1	chr5:56123732-56124289	6	19	+	-0.659574	0.000513	1	GAACACCCACCATG
MA0696.1	ZIC1	chr7:11276322-11276834	28	41	+	-0.680851	0.000516	1	GACTTCACGCTGAT
MA0696.1	ZIC1	chr1:166888721-166889242	413	426	+	-0.723404	0.000522	1	TATCTCCCACAGAG
MA0696.1	ZIC1	chr5:56123732-56124289	459	472	-	-0.723404	0.000522	1	AACCACCCATGATG
MA0696.1	ZIC1	chr9:16152740-16153233	15	28	+	-0.744681	0.000525	1	AAAACCCCGCGGGC
MA0696.1	ZIC1	chr4:80431468-80431948	252	265	-	-0.787234	0.000531	1	TACTGCATGTTGTG
MA0696.1	ZIC1	chr4:44521800-44522197	170	183	-	-0.829787	0.000537	1	CACTCCCTGCTTTG
MA0696.1	ZIC1	chr13:17607250-17607380	5	18	-	-0.87234	0.000542	1	CGCAGCCTGGTGTT
MA0696.1	ZIC1	chr1:1919364-1919651	230	243	+	-0.914894	0.000548	1	CCCCTCCCATTATG
MA0696.1	ZIC1	chr11:19552646-19553335	60	73	+	-0.93617	0.000551	1	CGCCTCGTGCAGTG
MA0696.1	ZIC1	chr20:2967897-2968237	244	257	+	-1.10638	0.000576	1	TGCAACCCATTGAC
MA0696.1	ZIC1	chr4:80431468-80431948	423	436	+	-1.14894	0.000582	1	GAAACCACACAGTG
MA0696.1	ZIC1	chr5:4918806-4919314	410	423	+	-1.17021	0.000585	1	CACCTGCTGCTGCT
MA0696.1	ZIC1	chr3:52835021-52835520	446	459	-	-1.23404	0.000595	1	GCTCCCATGCAGAG
MA0696.1	ZIC1	chr1:81381943-81382113	69	82	+	-1.29787	0.000605	1	TAACCCGTGCGGCT
MA0696.1	ZIC1	chr3:56110980-56111395	369	382	+	-1.31915	0.000608	1	GATCTCCTGGTGAT
MA0696.1	ZIC1	chr3:96900418-96901022	376	389	-	-1.34043	0.000611	1	GACCACCCACTCAC
MA0696.1	ZIC1	chr1:30666867-30667259	364	377	-	-1.40426	0.000621	1	AAACCTCCACTGTG
MA0696.1	ZIC1	chr1:8951225-8951693	378	391	-	-1.42553	0.000625	1	GGCTGCCTGCTGCA
MA0696.1	ZIC1	chr3:28622797-28623468	97	110	-	-1.48936	0.000635	1	GGCTCCCTGGAGGT
MA0696.1	ZIC1	chr2:65881533-65881964	271	284	+	-1.65957	0.000662	1	GCCCCCCTGGAGAA
MA0696.1	ZIC1	chr8:18569609-18569790	94	107	-	-1.68085	0.000666	1	GCACCTCCATTGTG
MA0696.1	ZIC1	chr1:18676245-18676679	275	288	-	-1.68085	0.000666	1	GAAAACATGCAGTG
MA0696.1	ZIC1	chr6:12404014-12404480	227	240	+	-1.78723	0.000684	1	TGCACCTTGTGGAG
MA0696.1	ZIC1	chr7:31935153-31935559	72	85	+	-1.80851	0.000687	1	GCTCACCTGTTATG
MA0696.1	ZIC1	chr1:36647192-36647392	115	128	+	-1.80851	0.000687	1	TATACCACGCTGCT
MA0696.1	ZIC1	chr1:145898962-145899600	294	307	+	-1.85106	0.000695	1	AGCCCGCTGTTGCT
MA0696.1	ZIC1	chr13:16688874-16689248	84	97	-	-2	0.000721	1	GATCCCATATTGTT
MA0696.1	ZIC1	chr1:39153703-39154097	139	152	-	-2.38298	0.000792	1	GACACCCTGGCAGG
MA0696.1	ZIC1	chr2:122480785-122481197	213	226	-	-2.38298	0.000792	1	TCCCCCCCACTCAC
MA0696.1	ZIC1	chr4:6511496-6512050	196	209	-	-2.42553	0.000801	1	TACTGCCTGCTAAG
MA0696.1	ZIC1	chr5:56123732-56124289	27	40	+	-2.46809	0.000809	1	TGCATCACACTGGG
MA0696.1	ZIC1	chr2:137775906-137776352	41	54	-	-2.55319	0.000826	1	GTCTTCCTGCTGCT
MA0696.1	ZIC1	chr20:6561820-6562450	213	226	+	-2.55319	0.000826	1	GCCATCCCACTGCA
MA0696.1	ZIC1	chr2:17946485-17946674	73	86	+	-2.59574	0.000835	1	GAAACCCCGCTTAG
MA0696.1	ZIC1	chr8:24296923-24297244	227	240	-	-2.61702	0.000839	1	GGCTACCAGCTGTC
MA0696.1	ZIC1	chr11:19552646-19553335	305	318	-	-2.61702	0.000839	1	AAAACCCCGCAGAC
MA0696.1	ZIC1	chr6:6271104-6271469	347	360	+	-2.65957	0.000848	1	GGAAGCCTGCTGGC
MA0696.1	ZIC1	chr10:11636654-11637350	579	592	-	-2.68085	0.000852	1	CCTCTCCTACTGTT
MA0696.1	ZIC1	chr2:123773601-123774219	27	40	-	-2.70213	0.000857	1	GCATACCTACTGTT
MA0696.1	ZIC1	chr1:97877355-97877542	158	171	+	-2.78723	0.000874	1	AACATCCCATTGGT
MA0696.1	ZIC1	chr11:19552646-19553335	448	461	-	-2.80851	0.000879	1	AATACCCTGCAGCT
MA0696.1	ZIC1	chr5:36606222-36606673	196	209	+	-2.85106	0.000888	1	AAAAACCTGCTGAC
MA0696.1	ZIC1	chr9:16152740-16153233	19	32	-	-2.87234	0.000893	1	GTCTGCCCGCGGGG
MA0696.1	ZIC1	chr1:9559151-9559553	16	29	+	-2.89362	0.000897	1	CATTTCCTACTGTG
MA0696.1	ZIC1	chr2:57602642-57603060	215	228	+	-2.89362	0.000897	1	GCACATCTGCTGGG
MA0696.1	ZIC1	chr2:15486000-15486280	145	158	+	-2.91489	0.000902	1	TCCCACCTGTAAGG
MA0696.1	ZIC1	chr6:35169540-35169764	19	32	+	-2.93617	0.000907	1	CACCACATATGGCT
MA0696.1	ZIC1	chr1:123950096-123950377	197	210	-	-2.97872	0.000916	1	AGCAACCTGCTGAA
MA0696.1	ZIC1	chr3:70652453-70652730	195	208	-	-3	0.00092	1	GAGCCCACATAGCG
MA0696.1	ZIC1	chr2:23066012-23066341	274	287	+	-3	0.00092	1	TGCTGCACGTGGTG
MA0696.1	ZIC1	chr7:490057-490211	37	50	+	-3.06383	0.000935	1	GATAACCTGTAGTT
MA0696.1	ZIC1	chr1:146672245-146672509	116	129	-	-3.10638	0.000944	1	TCCCTCCTGTTTTG
MA0696.1	ZIC1	chr3:14435492-14435727	185	198	-	-3.21277	0.000969	1	GGCTGCCTGTAGTC
MA0696.1	ZIC1	chr18:6581308-6581585	204	217	+	-3.23404	0.000974	1	GAACTGCCGCAGCG
MA0696.1	ZIC1	chr1:8951225-8951693	194	207	+	-3.2766	0.000984	1	TGCCCTCTGGTGTC
MA0696.1	ZIC1	chr10:20977432-20977722	80	93	+	-3.29787	0.000989	1	AATCCCCCATTATG
MA0696.1	ZIC1	chr1:193311642-193311882	40	53	-	-3.31915	0.000994	1	GAACACCCACAGCA

# FIMO (Find Individual Motif Occurrences): Version 5.0.5 compiled on May 16 2019 at 11:34:21
# The format of this file is described at http://meme-suite.org/doc/fimo-output-format.html.
# fimo --thresh 1e-3 -o ZIC1_NC_Specific ../Imports/MA0696.1.meme NC_Specific_motifs.fa
